var,year,month,exposure_days
wave,1980,1,0.09502681996392537
wave,1980,2,0.07878873333335888
wave,1980,3,0.07580552959206463
wave,1980,4,0.0398863718447261
wave,1980,5,0.01473005865530409
wave,1980,6,0.010970687188874726
wave,1980,7,0.01145554246991081
wave,1980,8,0.011099128901454015
wave,1980,9,0.02513445050747715
wave,1980,10,0.06263777200416498
wave,1980,11,0.09762792000578537
wave,1980,12,0.08915708944557309
wave,1981,1,0.09703415326386541
wave,1981,2,0.06675990484149952
wave,1981,3,0.09093142616232548
wave,1981,4,0.020066781587040932
wave,1981,5,0.004678862407225034
wave,1981,6,0.008904922774124281
wave,1981,7,0.007689606821454761
wave,1981,8,0.03153114423220551
wave,1981,9,0.034008905501375
wave,1981,10,0.04631611267305118
wave,1981,11,0.07604395567858038
wave,1981,12,0.11675955083288767
wave,1982,1,0.09860745104018852
wave,1982,2,0.09101012439915529
wave,1982,3,0.0851345066426611
wave,1982,4,0.022143406543346872
wave,1982,5,0.0043678055788377275
wave,1982,6,0.006740493897548425
wave,1982,7,0.01854757432338664
wave,1982,8,0.023703280008452312
wave,1982,9,0.01699330228986738
wave,1982,10,0.06169713859229374
wave,1982,11,0.05789389686269001
wave,1982,12,0.17982772667506697
wave,1983,1,0.16389352470155785
wave,1983,2,0.12949465972399418
wave,1983,3,0.0845242350755153
wave,1983,4,0.009579801342791457
wave,1983,5,0.007787853723653801
wave,1983,6,0.009405890668854033
wave,1983,7,0.010877684442499714
wave,1983,8,0.025479723550992598
wave,1983,9,0.06996236391518477
wave,1983,10,0.03144898744217533
wave,1983,11,0.07380921308797177
wave,1983,12,0.10997037134869563
wave,1984,1,0.20767206947715233
wave,1984,2,0.10851309808835873
wave,1984,3,0.0581478055194101
wave,1984,4,0.04138433270770677
wave,1984,5,0.02376647635297893
wave,1984,6,0.008676283357052852
wave,1984,7,0.016906897364982562
wave,1984,8,0.02191517809975918
wave,1984,9,0.004748347217479025
wave,1984,10,0.027885942669499408
wave,1984,11,0.09556272999084817
wave,1984,12,0.06054986307124734
wave,1985,1,0.0935141345078125
wave,1985,2,0.0635736357943225
wave,1985,3,0.056413786203917314
wave,1985,4,0.02713746785997442
wave,1985,5,0.003697594415012099
wave,1985,6,0.02144805206862241
wave,1985,7,0.005596198573858522
wave,1985,8,0.014059260932450697
wave,1985,9,0.00708163580321142
wave,1985,10,0.024648585168522565
wave,1985,11,0.05534035944031646
wave,1985,12,0.12919896184554366
wave,1986,1,0.13777123724295295
wave,1986,2,0.11286589658739182
wave,1986,3,0.10056115810019518
wave,1986,4,0.023499002341602446
wave,1986,5,0.01205985853025057
wave,1986,6,0.0165170134303813
wave,1986,7,0.020189388797592713
wave,1986,8,0.02918926993125207
wave,1986,9,0.021425501147622917
wave,1986,10,0.03714656317530778
wave,1986,11,0.10534588711735383
wave,1986,12,0.1488252563460479
wave,1987,1,0.13830351170617528
wave,1987,2,0.08583636625702137
wave,1987,3,0.04466120026361077
wave,1987,4,0.040773575017204855
wave,1987,5,0.022810834081735797
wave,1987,6,0.01019739081648665
wave,1987,7,0.012507365414817888
wave,1987,8,0.01630094614927809
wave,1987,9,0.021409759320582745
wave,1987,10,0.059935565093436685
wave,1987,11,0.06293821387039635
wave,1987,12,0.1395121692875534
wave,1988,1,0.1709200193369023
wave,1988,2,0.12144308826163805
wave,1988,3,0.05931617825587584
wave,1988,4,0.027573630166198963
wave,1988,5,0.006816441777967715
wave,1988,6,0.005028974949056735
wave,1988,7,0.008298556947453593
wave,1988,8,0.009362760992564148
wave,1988,9,0.010304337616713621
wave,1988,10,0.027202042766078044
wave,1988,11,0.0594354122109295
wave,1988,12,0.062230456273767235
wave,1989,1,0.16140500623333703
wave,1989,2,0.12092458720391311
wave,1989,3,0.03807083265560616
wave,1989,4,0.03804024100610138
wave,1989,5,0.004439951839414251
wave,1989,6,0.0037852930243497335
wave,1989,7,0.023032040786766593
wave,1989,8,0.009747122751665872
wave,1989,9,0.016735311235597867
wave,1989,10,0.06271973591142348
wave,1989,11,0.05545242875274141
wave,1989,12,0.26635957830872
wave,1990,1,0.20293037882406645
wave,1990,2,0.1996656425181284
wave,1990,3,0.03785910338330753
wave,1990,4,0.016928038178832316
wave,1990,5,0.01612133818303388
wave,1990,6,0.009311595113087313
wave,1990,7,0.017396408331772407
wave,1990,8,0.03820264426317304
wave,1990,9,0.031542248658774474
wave,1990,10,0.011183086118913582
wave,1990,11,0.05341855653649888
wave,1990,12,0.11458949940535812
wave,1991,1,0.12940270148606883
wave,1991,2,0.08514408935595
wave,1991,3,0.052606408532654324
wave,1991,4,0.05703077840585912
wave,1991,5,0.016654747421066866
wave,1991,6,0.006862823267191736
wave,1991,7,0.01227379550347587
wave,1991,8,0.029432274000750505
wave,1991,9,0.055889607814242945
wave,1991,10,0.10759085525651017
wave,1991,11,0.07027506219675704
wave,1991,12,0.1606171381501175
wave,1992,1,0.11824985883753977
wave,1992,2,0.09048890525853479
wave,1992,3,0.06355342137722203
wave,1992,4,0.015006813000579183
wave,1992,5,0.03247133664549062
wave,1992,6,0.03744334530049518
wave,1992,7,0.026756267522483
wave,1992,8,0.01639822064186592
wave,1992,9,0.012452659734723977
wave,1992,10,0.026372429249752697
wave,1992,11,0.06676624487113404
wave,1992,12,0.12132961957774471
wave,1993,1,0.1874204253013562
wave,1993,2,0.08944704087819934
wave,1993,3,0.07430634489256195
wave,1993,4,0.046356164435568545
wave,1993,5,0.021697100824202033
wave,1993,6,0.013820306165655083
wave,1993,7,0.020436608898558615
wave,1993,8,0.016027703192570707
wave,1993,9,0.018328733950442103
wave,1993,10,0.0434972481377063
wave,1993,11,0.05224762833500639
wave,1993,12,0.1748226481412842
wave,1994,1,0.20398416866167696
wave,1994,2,0.13403811566605306
wave,1994,3,0.057950266860970795
wave,1994,4,0.05672921310794725
wave,1994,5,0.012732435145242643
wave,1994,6,0.03602781973747972
wave,1994,7,0.01121059740054889
wave,1994,8,0.032710096509412305
wave,1994,9,0.02875244708887704
wave,1994,10,0.030262895979995603
wave,1994,11,0.07710919471779694
wave,1994,12,0.22428889317889938
wave,1995,1,0.20692507971627275
wave,1995,2,0.0820639069602829
wave,1995,3,0.07886191714663215
wave,1995,4,0.032555436912538004
wave,1995,5,0.0062211365677461265
wave,1995,6,0.010127488319547615
wave,1995,7,0.028483395681838348
wave,1995,8,0.020475005555940118
wave,1995,9,0.045431787383887624
wave,1995,10,0.01675186142635413
wave,1995,11,0.041576028002463766
wave,1995,12,0.1453702446851105
wave,1996,1,0.2474554650265537
wave,1996,2,0.14560628374043047
wave,1996,3,0.044582829878861106
wave,1996,4,0.021760096640557308
wave,1996,5,0.005243022510421783
wave,1996,6,0.03569141397096061
wave,1996,7,0.03996510101519494
wave,1996,8,0.01173961039197613
wave,1996,9,0.04867023102443
wave,1996,10,0.04264161433336239
wave,1996,11,0.07641743354526918
wave,1996,12,0.10823297241645446
wave,1997,1,0.08406967890455071
wave,1997,2,0.18308255698880202
wave,1997,3,0.070347590971207
wave,1997,4,0.02337567242115454
wave,1997,5,0.00603939106979106
wave,1997,6,0.031114984874483147
wave,1997,7,0.024892637466888808
wave,1997,8,0.05716570545866563
wave,1997,9,0.04358955634721398
wave,1997,10,0.04391010337426758
wave,1997,11,0.15322346694241323
wave,1997,12,0.15928428565141098
wave,1998,1,0.24592138527070526
wave,1998,2,0.1596387781212477
wave,1998,3,0.04163095311620837
wave,1998,4,0.05572766992951962
wave,1998,5,0.016123309392339247
wave,1998,6,0.012388761280424425
wave,1998,7,0.005099862512256733
wave,1998,8,0.011646707786695618
wave,1998,9,0.02084261627416316
wave,1998,10,0.04167626164787351
wave,1998,11,0.10031754159324632
wave,1998,12,0.24879366193979754
wave,1999,1,0.132665649060965
wave,1999,2,0.11230923934903715
wave,1999,3,0.09807514950557766
wave,1999,4,0.023675876832012034
wave,1999,5,0.0060807864652038185
wave,1999,6,0.00463941415882357
wave,1999,7,0.011265198159044426
wave,1999,8,0.013918267566789686
wave,1999,9,0.023797269755009072
wave,1999,10,0.07129125245620677
wave,1999,11,0.058875579055340785
wave,1999,12,0.1733937563760065
wave,2000,1,0.11499462922709568
wave,2000,2,0.12380996729326771
wave,2000,3,0.07526763226600357
wave,2000,4,0.02390714027218633
wave,2000,5,0.004090259308641702
wave,2000,6,0.00558965122658858
wave,2000,7,0.030740606204921195
wave,2000,8,0.016277265093030117
wave,2000,9,0.047440619423403114
wave,2000,10,0.06214425387474613
wave,2000,11,0.11379042609512117
wave,2000,12,0.20253226843566113
wave,2001,1,0.20652192313406434
wave,2001,2,0.08997543595393462
wave,2001,3,0.06345453753052006
wave,2001,4,0.03810993371569948
wave,2001,5,0.018732007787065238
wave,2001,6,0.003186752894309245
wave,2001,7,0.029188655479072362
wave,2001,8,0.02663171585647094
wave,2001,9,0.02523371147242491
wave,2001,10,0.03688722763805606
wave,2001,11,0.08152159908631239
wave,2001,12,0.09995611890134962
wave,2002,1,0.22876502804150406
wave,2002,2,0.12604603027839228
wave,2002,3,0.038221248615800535
wave,2002,4,0.015004029396030325
wave,2002,5,0.018322784735270534
wave,2002,6,0.01639577628725266
wave,2002,7,0.04632988109926494
wave,2002,8,0.033790681322204454
wave,2002,9,0.039623927752010256
wave,2002,10,0.05268414449412874
wave,2002,11,0.14366765111962473
wave,2002,12,0.1813595424520003
wave,2003,1,0.21152276317000065
wave,2003,2,0.08710824427919163
wave,2003,3,0.06991106771157642
wave,2003,4,0.030298542514912246
wave,2003,5,0.00978153481510451
wave,2003,6,0.007944127516717437
wave,2003,7,0.016401461176964848
wave,2003,8,0.02825077145594777
wave,2003,9,0.01910314438622398
wave,2003,10,0.040093360793410616
wave,2003,11,0.07194167760426322
wave,2003,12,0.10191816866593857
wave,2004,1,0.13307991756975152
wave,2004,2,0.11066889300082138
wave,2004,3,0.03861834950596178
wave,2004,4,0.0340637261975709
wave,2004,5,0.008057909398489422
wave,2004,6,0.019938959100850005
wave,2004,7,0.010813983557588254
wave,2004,8,0.04861684415314721
wave,2004,9,0.03816124965619413
wave,2004,10,0.047376439409807826
wave,2004,11,0.04853425123250574
wave,2004,12,0.13048532093835213
wave,2005,1,0.1562113960597148
wave,2005,2,0.05691995197315074
wave,2005,3,0.06165194782286098
wave,2005,4,0.015585213675306749
wave,2005,5,0.0032040036049475772
wave,2005,6,0.005303123804239514
wave,2005,7,0.024828178238109358
wave,2005,8,0.040085470396858065
wave,2005,9,0.061552292818972044
wave,2005,10,0.04152707866323373
wave,2005,11,0.05765408711452765
wave,2005,12,0.15484922093808862
wave,2006,1,0.11993137555588963
wave,2006,2,0.11505701328814652
wave,2006,3,0.03473605915202776
wave,2006,4,0.02805504915125014
wave,2006,5,0.029574841692180685
wave,2006,6,0.010095085599612332
wave,2006,7,0.0253302018787211
wave,2006,8,0.011731230941303768
wave,2006,9,0.025026006810089287
wave,2006,10,0.02426825529198449
wave,2006,11,0.06348391612228052
wave,2006,12,0.18227678681094478
wave,2007,1,0.1406591461037563
wave,2007,2,0.1517564184668922
wave,2007,3,0.0931065827640425
wave,2007,4,0.029767861569951697
wave,2007,5,0.0124521291820191
wave,2007,6,0.021375601043149135
wave,2007,7,0.0648387798853839
wave,2007,8,0.020224350683653875
wave,2007,9,0.018243028447667828
wave,2007,10,0.029602848007257924
wave,2007,11,0.05543387277365534
wave,2007,12,0.10708905910802326
wave,2008,1,0.1391844932574978
wave,2008,2,0.09897139520992156
wave,2008,3,0.06435485455974843
wave,2008,4,0.01824134077157815
wave,2008,5,0.012473418242517091
wave,2008,6,0.007835268940755086
wave,2008,7,0.015972996891548484
wave,2008,8,0.024249037273982536
wave,2008,9,0.05195152741635952
wave,2008,10,0.022616400674272397
wave,2008,11,0.03856656112821135
wave,2008,12,0.1243859521038916
wave,2009,1,0.22079839580461932
wave,2009,2,0.08648422776492133
wave,2009,3,0.06126517155955773
wave,2009,4,0.02454090835009407
wave,2009,5,0.020752497325068973
wave,2009,6,0.03609153295083561
wave,2009,7,0.004838233877798952
wave,2009,8,0.043767328157504524
wave,2009,9,0.020958493612097766
wave,2009,10,0.05135667613371479
wave,2009,11,0.15692285440929912
wave,2009,12,0.14738788457613
wave,2010,1,0.12336671856871777
wave,2010,2,0.12365812581783522
wave,2010,3,0.06483752237306492
wave,2010,4,0.028731824715128956
wave,2010,5,0.014991882560080489
wave,2010,6,0.004750093112310376
wave,2010,7,0.005996224964225128
wave,2010,8,0.005138789205810238
wave,2010,9,0.033774964460639094
wave,2010,10,0.07318379473809063
wave,2010,11,0.06974598453746643
wave,2010,12,0.07664368162035637
wave,2011,1,0.11585003997220351
wave,2011,2,0.16380866176844852
wave,2011,3,0.03826447625243982
wave,2011,4,0.0323965834601051
wave,2011,5,0.013234305034389717
wave,2011,6,0.027287823167070974
wave,2011,7,0.030425514327769868
wave,2011,8,0.057115064430689186
wave,2011,9,0.0546822971348563
wave,2011,10,0.024076138832114066
wave,2011,11,0.06215976732220206
wave,2011,12,0.14440484131740375
wave,2012,1,0.12891703086858558
wave,2012,2,0.06865455510546525
wave,2012,3,0.030998606401494024
wave,2012,4,0.03738632765142654
wave,2012,5,0.0034188654192328525
wave,2012,6,0.020033254656616727
wave,2012,7,0.009874774677078221
wave,2012,8,0.04685898113166303
wave,2012,9,0.029787909489741797
wave,2012,10,0.040228666291107176
wave,2012,11,0.040669987706113776
wave,2012,12,0.10517595629066646
wave,2013,1,0.1322903910218842
wave,2013,2,0.13227627119923105
wave,2013,3,0.06738896318168547
wave,2013,4,0.030406504287835694
wave,2013,5,0.006053978018650793
wave,2013,6,0.01695499626276494
wave,2013,7,0.011404354258821246
wave,2013,8,0.024512079160306177
wave,2013,9,0.04817829892942458
wave,2013,10,0.08211829430073295
wave,2013,11,0.03699262782441438
wave,2013,12,0.21105666151638727
wave,2014,1,0.24494462471186576
wave,2014,2,0.2314438514356684
wave,2014,3,0.07963206701876412
wave,2014,4,0.023601508701969656
wave,2014,5,0.012430840121521111
wave,2014,6,0.033446888483308776
wave,2014,7,0.035104116821356175
wave,2014,8,0.030947132952736253
wave,2014,9,0.011706672042209086
wave,2014,10,0.08266081730592009
wave,2014,11,0.05782781410713054
wave,2014,12,0.12997332092551736
wave,2015,1,0.15320345357151016
wave,2015,2,0.08286135317744583
wave,2015,3,0.028987182295633986
wave,2015,4,0.021868265533579363
wave,2015,5,0.009054158581423166
wave,2015,6,0.020310316115838632
wave,2015,7,0.05298548605671047
wave,2015,8,0.03475140355798762
wave,2015,9,0.010466565889822078
wave,2015,10,0.05109473856766121
wave,2015,11,0.05659343810705739
wave,2015,12,0.16552748874915457
wave,2016,1,0.1754492640817364
wave,2016,2,0.16396985000996833
wave,2016,3,0.08161146025941188
wave,2016,4,0.03791690574217267
wave,2016,5,0.00817105681261763
wave,2016,6,0.005755305581313898
wave,2016,7,0.01883460747742221
wave,2016,8,0.013965265355343356
wave,2016,9,0.01659757024899635
wave,2016,10,0.05768220815102869
wave,2016,11,0.08125893052333386
wave,2016,12,0.11993626971778905
wave,2017,1,0.09289583569168029
wave,2017,2,0.1272633568259075
wave,2017,3,0.056669489886524434
wave,2017,4,0.025158342199189748
wave,2017,5,0.003781962173281914
wave,2017,6,0.034900277898832884
wave,2017,7,0.008093045759227337
wave,2017,8,0.02324058860176114
wave,2017,9,0.038987695575803234
wave,2017,10,0.09015162455499887
wave,2017,11,0.05548416216625092
wave,2017,12,0.11617646703712439
wave,2018,1,0.173329240761843
wave,2018,2,0.07310738820580659
wave,2018,3,0.07473257033040084
wave,2018,4,0.05332399741411009
wave,2018,5,0.012474600968100312
wave,2018,6,0.012910845554437844
wave,2018,7,0.01976547457538431
wave,2018,8,0.023720038909797035
wave,2018,9,0.06927103534433716
wave,2018,10,0.042345416721417686
wave,2018,11,0.0957771872353053
wave,2018,12,0.14836773580561816
wave,2019,1,0.10432814287178437
wave,2019,2,0.12048752067943216
wave,2019,3,0.07458684057145955
wave,2019,4,0.022486788331262518
wave,2019,5,0.002796357520597166
wave,2019,6,0.013893121266633245
wave,2019,7,0.028166028773083038
wave,2019,8,0.02771521526080129
wave,2019,9,0.021379150212449075
wave,2019,10,0.0684741226067298
wave,2019,11,0.06903943935223937
wave,2019,12,0.21376715124984913
wave,2020,1,0.13858038878010653
wave,2020,2,0.16004105810861258
wave,2020,3,0.026174143264292245
wave,2020,4,0.0225644666638354
wave,2020,5,0.014392587622224833
wave,2020,6,0.019348428631917117
wave,2020,7,0.035639507592159635
wave,2020,8,0.020686677766402775
wave,2020,9,0.03805542959664629
wave,2020,10,0.05851312268175496
wave,2020,11,0.057015702758934264
wave,2020,12,0.19148947198879934
wave,2021,1,0.15858106872122787
wave,2021,2,0.0844744138392001
wave,2021,3,0.053199041693775755
wave,2021,4,0.03426656025622395
wave,2021,5,0.004848780649347884
wave,2021,6,0.012232572888826267
wave,2021,7,0.03491111830695181
wave,2021,8,0.006211358891872297
wave,2021,9,0.0116507011016218
wave,2021,10,0.0467536871832301
wave,2021,11,0.02463639937923771
wave,2021,12,0.09037674671954996
wave,2022,1,0.14564966077191902
wave,2022,2,0.12559486476195236
wave,2022,3,0.05456418502768402
wave,2022,4,0.038570195985336946
wave,2022,5,0.007086497452803335
wave,2022,6,0.0075163387984707375
wave,2022,7,0.006090638775790327
wave,2022,8,0.016835409372597736
wave,2022,9,0.05902135684929081
wave,2022,10,0.024691084972286222
wave,2022,11,0.09517620821304748
wave,2022,12,0.0800824107324397
wave,2023,1,0.16199640873613863
wave,2023,2,0.08633387401783016
wave,2023,3,0.05383756799583609
wave,2023,4,0.012425455748262105
wave,2023,5,0.011468889980500798
wave,2023,6,0.02798866851398578
wave,2023,7,0.017735388040765535
wave,2023,8,0.04026362480463128
wave,2023,9,0.03475183228307653
wave,2023,10,0.05616392434514524
wave,2023,11,0.12978445384472798
wave,2023,12,0.11468301445803118
wave,2024,1,0.15400302944440597
wave,2024,2,0.1600424123925721
wave,2024,3,0.07910957860378438
wave,2024,4,0.019895090693083105
wave,2024,5,0.0030210753814092885
wave,2024,6,0.009336716322924777
wave,2024,7,0.04401731147381856
wave,2024,8,0.046273148232482395
wave,2024,9,0.01309938646229111
wave,2024,10,0.05791855910053068
wave,2024,11,0.046082955054582694
wave,2024,12,0.1391931295173587
wind,1980,1,0.03268193069715221
wind,1980,2,0.018818264149458985
wind,1980,3,0.024207143922142703
wind,1980,4,0.012058290691921561
wind,1980,5,0.002883090730033424
wind,1980,6,0.001969284405954382
wind,1980,7,0.002347453443374084
wind,1980,8,0.005002167727456546
wind,1980,9,0.013339886597627094
wind,1980,10,0.0237829769204382
wind,1980,11,0.03334643905382794
wind,1980,12,0.036616400535787984
wind,1981,1,0.03927220023510756
wind,1981,2,0.02041409300150821
wind,1981,3,0.022836440712426805
wind,1981,4,0.0038599597597198643
wind,1981,5,0.001534783565160689
wind,1981,6,0.0018829985112952603
wind,1981,7,0.0014711871039075183
wind,1981,8,0.017081328033634387
wind,1981,9,0.02331189675460372
wind,1981,10,0.011471043972985736
wind,1981,11,0.05417622234395119
wind,1981,12,0.041189073858582365
wind,1982,1,0.025529001181402677
wind,1982,2,0.019166038616376155
wind,1982,3,0.019250840381695944
wind,1982,4,0.01419952659775074
wind,1982,5,0.001604564374570769
wind,1982,6,0.0012411333961727653
wind,1982,7,0.017809326567894905
wind,1982,8,0.012693410472856045
wind,1982,9,0.0070960658113315795
wind,1982,10,0.019987917912930045
wind,1982,11,0.025008790253333853
wind,1982,12,0.04397231066763414
wind,1983,1,0.045445331626659154
wind,1983,2,0.03300236647561421
wind,1983,3,0.022637781934504445
wind,1983,4,0.004744911978470761
wind,1983,5,0.002366239650165542
wind,1983,6,0.0022700107729941897
wind,1983,7,0.0030724301811759338
wind,1983,8,0.014568585803753266
wind,1983,9,0.053929750347741334
wind,1983,10,0.009726383661340746
wind,1983,11,0.041605952269132204
wind,1983,12,0.0253936834828007
wind,1984,1,0.05308357828286438
wind,1984,2,0.03693472121272264
wind,1984,3,0.018057616975710258
wind,1984,4,0.01349896967314482
wind,1984,5,0.007423968485882592
wind,1984,6,0.002572921593063342
wind,1984,7,0.003995334668524104
wind,1984,8,0.01935434510949756
wind,1984,9,0.0018741519637273324
wind,1984,10,0.015973854814598943
wind,1984,11,0.04061969831351821
wind,1984,12,0.011618300229006154
wind,1985,1,0.026969923899779813
wind,1985,2,0.021108747913576704
wind,1985,3,0.016586949007807418
wind,1985,4,0.013275009246988422
wind,1985,5,0.0008886211548605684
wind,1985,6,0.010227609083392587
wind,1985,7,0.002424804517909428
wind,1985,8,0.0021309307383753336
wind,1985,9,0.005827099642704253
wind,1985,10,0.02002781568789185
wind,1985,11,0.024103581186613546
wind,1985,12,0.03962983546421797
wind,1986,1,0.032897464291251864
wind,1986,2,0.02478988253448018
wind,1986,3,0.018085149642160053
wind,1986,4,0.005866166040702721
wind,1986,5,0.0017393950910580425
wind,1986,6,0.004015024667935833
wind,1986,7,0.010891713804057596
wind,1986,8,0.028268259005177047
wind,1986,9,0.04231971563263998
wind,1986,10,0.009630108595672045
wind,1986,11,0.03329573404641753
wind,1986,12,0.033857747991912525
wind,1987,1,0.03148549931766023
wind,1987,2,0.02005782532781543
wind,1987,3,0.015370428730210368
wind,1987,4,0.01467503414761279
wind,1987,5,0.006380410279619982
wind,1987,6,0.0017686788027595466
wind,1987,7,0.003340883910445656
wind,1987,8,0.004751148531228026
wind,1987,9,0.029460392032711516
wind,1987,10,0.07392233724635097
wind,1987,11,0.05261434186978456
wind,1987,12,0.037933521167052314
wind,1988,1,0.038166674181018156
wind,1988,2,0.051219847998419374
wind,1988,3,0.019415612800910864
wind,1988,4,0.009993644170077799
wind,1988,5,0.0004411566425416931
wind,1988,6,0.0008206261880238818
wind,1988,7,0.0034148224375750284
wind,1988,8,0.002228933878847716
wind,1988,9,0.003226637270262246
wind,1988,10,0.04746013800293422
wind,1988,11,0.0314483261944562
wind,1988,12,0.016378335451553355
wind,1989,1,0.05094620347470944
wind,1989,2,0.04691915629377913
wind,1989,3,0.011187157747777053
wind,1989,4,0.015249273036072148
wind,1989,5,0.0006323639451625341
wind,1989,6,0.0018731684726632086
wind,1989,7,0.005648145128816081
wind,1989,8,0.003125170776847942
wind,1989,9,0.012360395137349626
wind,1989,10,0.023013210066555562
wind,1989,11,0.01300999054891911
wind,1989,12,0.06934699721825315
wind,1990,1,0.06034574081058959
wind,1990,2,0.08982862496770345
wind,1990,3,0.021282327586206896
wind,1990,4,0.0040512517282521535
wind,1990,5,0.0014109916207834848
wind,1990,6,0.0037587155124927042
wind,1990,7,0.0038065070453937055
wind,1990,8,0.02066809724534667
wind,1990,9,0.02536707972929305
wind,1990,10,0.009511282613720584
wind,1990,11,0.0159201254824249
wind,1990,12,0.024638648550794815
wind,1991,1,0.03193782662228434
wind,1991,2,0.03320754447087769
wind,1991,3,0.013975157910431576
wind,1991,4,0.014169399020164062
wind,1991,5,0.006858625657102622
wind,1991,6,0.0013456230660764273
wind,1991,7,0.006077746930034436
wind,1991,8,0.005080497375045996
wind,1991,9,0.016675842111223877
wind,1991,10,0.09276709717233193
wind,1991,11,0.021276984830890487
wind,1991,12,0.0351148979157013
wind,1992,1,0.021036152094872904
wind,1992,2,0.013258789798496434
wind,1992,3,0.011770426697028845
wind,1992,4,0.004951449227227635
wind,1992,5,0.009771284526716589
wind,1992,6,0.010163167719026913
wind,1992,7,0.004746853441705728
wind,1992,8,0.014586437676924814
wind,1992,9,0.008690800345095829
wind,1992,10,0.023459458006074
wind,1992,11,0.02592355846079547
wind,1992,12,0.025142998475775558
wind,1993,1,0.08271431571932687
wind,1993,2,0.028696757651261777
wind,1993,3,0.023224015940143134
wind,1993,4,0.010962082447201421
wind,1993,5,0.006126124279227317
wind,1993,6,0.0032078692735929117
wind,1993,7,0.0043301434862432625
wind,1993,8,0.010784717339269384
wind,1993,9,0.005656563183102373
wind,1993,10,0.014335877683830081
wind,1993,11,0.024312635438477784
wind,1993,12,0.05258909561193216
wind,1994,1,0.04365031800368972
wind,1994,2,0.033465022739443614
wind,1994,3,0.007662976442203426
wind,1994,4,0.009237913850373381
wind,1994,5,0.004093413243530294
wind,1994,6,0.0062945014040571845
wind,1994,7,0.0052833817283111754
wind,1994,8,0.014579515522021561
wind,1994,9,0.011368222760845353
wind,1994,10,0.017159078933844718
wind,1994,11,0.02793471854980354
wind,1994,12,0.03294962013585414
wind,1995,1,0.04898184202780457
wind,1995,2,0.013437147140784289
wind,1995,3,0.022292988234656256
wind,1995,4,0.0094832902654167
wind,1995,5,0.00148432060694323
wind,1995,6,0.0020501091680401413
wind,1995,7,0.004238004706282045
wind,1995,8,0.004698685883540208
wind,1995,9,0.010792334254959004
wind,1995,10,0.005113420267115603
wind,1995,11,0.023765270727334236
wind,1995,12,0.04282951482580186
wind,1996,1,0.04147445505373128
wind,1996,2,0.05303560620486866
wind,1996,3,0.012799724842767295
wind,1996,4,0.009843732247869382
wind,1996,5,0.0022657079755916978
wind,1996,6,0.004267693068330055
wind,1996,7,0.026860539804332114
wind,1996,8,0.005976369949103944
wind,1996,9,0.02356813871697988
wind,1996,10,0.009414140205117931
wind,1996,11,0.025579429394108413
wind,1996,12,0.03149691355725377
wind,1997,1,0.020546436309639666
wind,1997,2,0.0322974303132384
wind,1997,3,0.026067505015181087
wind,1997,4,0.007709393016427516
wind,1997,5,0.002116684552105764
wind,1997,6,0.005605670548803775
wind,1997,7,0.004729790704675872
wind,1997,8,0.0397080307926596
wind,1997,9,0.03199001618347274
wind,1997,10,0.016456531157343378
wind,1997,11,0.04323848726182154
wind,1997,12,0.026625876652546853
wind,1998,1,0.043073362430368536
wind,1998,2,0.02780228887452494
wind,1998,3,0.011354895223378875
wind,1998,4,0.019977850785730854
wind,1998,5,0.006326004902791784
wind,1998,6,0.0020766866798971706
wind,1998,7,0.0010010139057515075
wind,1998,8,0.00424692419511733
wind,1998,9,0.002192486688317509
wind,1998,10,0.04402068959834649
wind,1998,11,0.022930716179136636
wind,1998,12,0.0643887979188302
wind,1999,1,0.025018025279744643
wind,1999,2,0.03577293992799548
wind,1999,3,0.014702020304706137
wind,1999,4,0.009047347847566074
wind,1999,5,0.003190205139809991
wind,1999,6,0.004059805955037403
wind,1999,7,0.0010457561939631278
wind,1999,8,0.0063603673842633915
wind,1999,9,0.014567749106760633
wind,1999,10,0.03126120769697466
wind,1999,11,0.022728727379124666
wind,1999,12,0.07933156127963335
wind,2000,1,0.02809634351656255
wind,2000,2,0.015822844222965454
wind,2000,3,0.013513032693558882
wind,2000,4,0.005635308940159008
wind,2000,5,0.001327018104374744
wind,2000,6,0.00151346187383109
wind,2000,7,0.01239740555395882
wind,2000,8,0.005283061486951738
wind,2000,9,0.07244651167671884
wind,2000,10,0.03788510568356814
wind,2000,11,0.03390336290571279
wind,2000,12,0.030910616081685313
wind,2001,1,0.029667759363340155
wind,2001,2,0.018347561689736898
wind,2001,3,0.01267392173606593
wind,2001,4,0.00625092787494224
wind,2001,5,0.008633108273796241
wind,2001,6,0.00028288666730015804
wind,2001,7,0.01378252062884907
wind,2001,8,0.012771011472560942
wind,2001,9,0.02689491149813656
wind,2001,10,0.009520389714527082
wind,2001,11,0.031295379942595285
wind,2001,12,0.026804298819508285
wind,2002,1,0.04902252949199685
wind,2002,2,0.025080439608382705
wind,2002,3,0.007942538901539795
wind,2002,4,0.0056922972495699565
wind,2002,5,0.0021391563381869764
wind,2002,6,0.0018964693049762203
wind,2002,7,0.008774417724619558
wind,2002,8,0.023028552067356208
wind,2002,9,0.027511903663516697
wind,2002,10,0.014349321499306341
wind,2002,11,0.03416727831313584
wind,2002,12,0.04671680863458991
wind,2003,1,0.035847122168326605
wind,2003,2,0.01674681571797547
wind,2003,3,0.0195884332303188
wind,2003,4,0.004760157258695346
wind,2003,5,0.004424970648693443
wind,2003,6,0.00043725468137386075
wind,2003,7,0.0012573341331333326
wind,2003,8,0.005500562880490816
wind,2003,9,0.007594994273910414
wind,2003,10,0.01628609827082176
wind,2003,11,0.019158596119653842
wind,2003,12,0.025308011043549905
wind,2004,1,0.03864905889162216
wind,2004,2,0.02810580926403234
wind,2004,3,0.011082533615267837
wind,2004,4,0.007837888949749017
wind,2004,5,0.001858850374963434
wind,2004,6,0.007278233418272149
wind,2004,7,0.004583809510087111
wind,2004,8,0.022667507040560184
wind,2004,9,0.028748074359143665
wind,2004,10,0.01757410252774088
wind,2004,11,0.013713626430442289
wind,2004,12,0.03322563438578821
wind,2005,1,0.05201764003177287
wind,2005,2,0.021197703079279165
wind,2005,3,0.016349744496855348
wind,2005,4,0.0056262343685967555
wind,2005,5,0.0011515804761968592
wind,2005,6,0.00020788711329265154
wind,2005,7,0.023883281778589373
wind,2005,8,0.04563485268561394
wind,2005,9,0.05693993749620119
wind,2005,10,0.017430990943638754
wind,2005,11,0.023703344119923163
wind,2005,12,0.04503949126960595
wind,2006,1,0.037427335304659304
wind,2006,2,0.013021427019662218
wind,2006,3,0.015813492870310128
wind,2006,4,0.011130506495396833
wind,2006,5,0.020777728804177702
wind,2006,6,0.0009859164672443089
wind,2006,7,0.013728678214221525
wind,2006,8,0.005825904160943744
wind,2006,9,0.00987100010013551
wind,2006,10,0.011183953461847536
wind,2006,11,0.01668818166024819
wind,2006,12,0.031511440623039774
wind,2007,1,0.03573129118918462
wind,2007,2,0.04758743756375492
wind,2007,3,0.021661007644762524
wind,2007,4,0.0043826550817056276
wind,2007,5,0.0028759943765340936
wind,2007,6,0.002486635698404221
wind,2007,7,0.014129462948456125
wind,2007,8,0.003060685439064999
wind,2007,9,0.0055271303829942785
wind,2007,10,0.02590623242275335
wind,2007,11,0.05570859416626421
wind,2007,12,0.023498087642160374
wind,2008,1,0.03652231414167961
wind,2008,2,0.030173234597569515
wind,2008,3,0.01732863668401648
wind,2008,4,0.00611989106158331
wind,2008,5,0.004840107328404258
wind,2008,6,0.004542205999017724
wind,2008,7,0.009853541048774403
wind,2008,8,0.0068857225090261254
wind,2008,9,0.0389688928379497
wind,2008,10,0.005832447559362035
wind,2008,11,0.010782710756194532
wind,2008,12,0.03860511859300526
wind,2009,1,0.042062407238996326
wind,2009,2,0.016970321159438945
wind,2009,3,0.014837989319019735
wind,2009,4,0.005870884817915092
wind,2009,5,0.01167231878081493
wind,2009,6,0.007246194773841757
wind,2009,7,0.001605034796608383
wind,2009,8,0.04503881871604956
wind,2009,9,0.0075276542360163375
wind,2009,10,0.035384556004983754
wind,2009,11,0.05222117025494644
wind,2009,12,0.035109683071572986
wind,2010,1,0.038133317791455124
wind,2010,2,0.024283866215006868
wind,2010,3,0.01754423864129256
wind,2010,4,0.0055830394079604325
wind,2010,5,0.0032272638747509377
wind,2010,6,0.003777647438747027
wind,2010,7,0.0018659050871981696
wind,2010,8,0.0017054003737963647
wind,2010,9,0.0105321568358228
wind,2010,10,0.08447139568054544
wind,2010,11,0.02370292850510832
wind,2010,12,0.03176845794079215
wind,2011,1,0.0291714456109406
wind,2011,2,0.029666324256330347
wind,2011,3,0.012183840273259597
wind,2011,4,0.00887674590219572
wind,2011,5,0.0017346641887251559
wind,2011,6,0.007055419209278974
wind,2011,7,0.011783147020884031
wind,2011,8,0.0254316327906121
wind,2011,9,0.02237831895652676
wind,2011,10,0.040483665113689137
wind,2011,11,0.01611130829725104
wind,2011,12,0.0459990225892148
wind,2012,1,0.043752586494767626
wind,2012,2,0.013119322403023225
wind,2012,3,0.007610452586206896
wind,2012,4,0.006640408486394132
wind,2012,5,0.0008945347827766769
wind,2012,6,0.005969017902684802
wind,2012,7,0.0032449534111444697
wind,2012,8,0.031516571274514446
wind,2012,9,0.010997415279454598
wind,2012,10,0.018337364309618874
wind,2012,11,0.013696586223033873
wind,2012,12,0.027739990851673443
wind,2013,1,0.03323542683165983
wind,2013,2,0.031212534900374685
wind,2013,3,0.02356287952721752
wind,2013,4,0.010794021381868498
wind,2013,5,0.0006859808382685843
wind,2013,6,0.005703970935124294
wind,2013,7,0.002868814852619661
wind,2013,8,0.006071458498038115
wind,2013,9,0.020191954089835984
wind,2013,10,0.017294818103008248
wind,2013,11,0.009685903259833237
wind,2013,12,0.05595080763035993
wind,2014,1,0.06440642304772566
wind,2014,2,0.04804025958815993
wind,2014,3,0.016162098785512904
wind,2014,4,0.005732951330168849
wind,2014,5,0.0015951025699049955
wind,2014,6,0.0042068924590132895
wind,2014,7,0.01417837612794171
wind,2014,8,0.016096924741603243
wind,2014,9,0.005074115582615951
wind,2014,10,0.046931492484690314
wind,2014,11,0.021201758549404547
wind,2014,12,0.036985537002299
wind,2015,1,0.04558242272222594
wind,2015,2,0.021661700375757344
wind,2015,3,0.012254578047061374
wind,2015,4,0.006129691598870542
wind,2015,5,0.0013956161882016027
wind,2015,6,0.0018975615314908926
wind,2015,7,0.032282319288552117
wind,2015,8,0.022182591873390143
wind,2015,9,0.005213168388137484
wind,2015,10,0.025794778855740486
wind,2015,11,0.020624053956777723
wind,2015,12,0.04391382991562382
wind,2016,1,0.03784007480628552
wind,2016,2,0.040372234902430935
wind,2016,3,0.01910428188028627
wind,2016,4,0.008183448634839604
wind,2016,5,0.0024439052967971005
wind,2016,6,0.0006251176418975178
wind,2016,7,0.005534772720551043
wind,2016,8,0.0020045103304053833
wind,2016,9,0.013969996952207376
wind,2016,10,0.017869432796751628
wind,2016,11,0.02543770474224816
wind,2016,12,0.030215924346021297
wind,2017,1,0.023100582710466906
wind,2017,2,0.018829439421532153
wind,2017,3,0.017785678947083064
wind,2017,4,0.00932793360027093
wind,2017,5,0.001850965537741956
wind,2017,6,0.005262711423196635
wind,2017,7,0.0007007097340260551
wind,2017,8,0.007478113239167738
wind,2017,9,0.03486246234533109
wind,2017,10,0.04915015570974021
wind,2017,11,0.02859305241650922
wind,2017,12,0.04497840309553147
wind,2018,1,0.035184393021843306
wind,2018,2,0.015639569760965397
wind,2018,3,0.031341493168510086
wind,2018,4,0.012427081280211518
wind,2018,5,0.0023015839849494226
wind,2018,6,0.0013263270643172145
wind,2018,7,0.003067500946033975
wind,2018,8,0.005071389276489082
wind,2018,9,0.02658226132219978
wind,2018,10,0.02232237141966258
wind,2018,11,0.03579357908360258
wind,2018,12,0.03721871503260767
wind,2019,1,0.02989245680072636
wind,2019,2,0.03441939097449266
wind,2019,3,0.020455076854261546
wind,2019,4,0.005057440223074749
wind,2019,5,0.0012209670437458653
wind,2019,6,0.0028208570118939827
wind,2019,7,0.005465384256629632
wind,2019,8,0.02133116682028993
wind,2019,9,0.014906198388124365
wind,2019,10,0.021318421973612826
wind,2019,11,0.02888522963134135
wind,2019,12,0.06927622433365467
wind,2020,1,0.04080879347739628
wind,2020,2,0.05439183722366905
wind,2020,3,0.00966057728800694
wind,2020,4,0.00547958929215075
wind,2020,5,0.0035935145636885896
wind,2020,6,0.0026694016018594066
wind,2020,7,0.003899783341156914
wind,2020,8,0.004561335757301962
wind,2020,9,0.015402503212863173
wind,2020,10,0.03437930554453307
wind,2020,11,0.023558710164359037
wind,2020,12,0.0515863555838316
wind,2021,1,0.029381114345336867
wind,2021,2,0.026426389376875768
wind,2021,3,0.013435517648015614
wind,2021,4,0.01221074349416741
wind,2021,5,0.0030443356512126485
wind,2021,6,0.0033844458934649537
wind,2021,7,0.03078648600893481
wind,2021,8,0.0027389873980348364
wind,2021,9,0.004642089884957854
wind,2021,10,0.022163647662749312
wind,2021,11,0.008417862459758096
wind,2021,12,0.02957338105164037
wind,2022,1,0.03451799833804538
wind,2022,2,0.037079552738790975
wind,2022,3,0.008325454754933855
wind,2022,4,0.013176640891253602
wind,2022,5,0.0007805988849263201
wind,2022,6,0.00204027912940809
wind,2022,7,0.001302076421344953
wind,2022,8,0.002779063031685253
wind,2022,9,0.02953560298412568
wind,2022,10,0.06862200457696867
wind,2022,11,0.04465490255079437
wind,2022,12,0.029248943249086282
wind,2023,1,0.039466473712782425
wind,2023,2,0.0352508312167368
wind,2023,3,0.009901594014313597
wind,2023,4,0.003594982270102082
wind,2023,5,0.007103844094690587
wind,2023,6,0.011164739432981526
wind,2023,7,0.011116941932851685
wind,2023,8,0.02913498566385287
wind,2023,9,0.012286933277828817
wind,2023,10,0.04170878700789672
wind,2023,11,0.03044918817958217
wind,2023,12,0.030802966799322366
wind,2024,1,0.046529964118055225
wind,2024,2,0.03340735833554604
wind,2024,3,0.01546192189872045
wind,2024,4,0.007881446893247828
wind,2024,5,0.0009654983177699787
wind,2024,6,0.004019757649499415
wind,2024,7,0.018277224734446935
wind,2024,8,0.016824479654329445
wind,2024,9,0.005701165026382864
wind,2024,10,0.08114773755764036
wind,2024,11,0.031075104090730374
wind,2024,12,0.0362249147372985
